{
  "state": {
    "isStdOutTTY": true,
    "isStdErrTTY": true,
    "testRunDurationMs": 300932.1308
  },
  "metrics": {
    "http_reqs": {
      "type": "counter",
      "contains": "default",
      "values": {
        "count": 7214,
        "rate": 23.972182634078504
      }
    },
    "http_req_receiving": {
      "type": "trend",
      "contains": "time",
      "values": {
        "p(99)": 6.140623999999993,
        "max": 170.6961,
        "avg": 0.6288976989187676,
        "min": 0,
        "med": 0,
        "p(90)": 1.02227,
        "p(95)": 2.005735
      }
    },
    "vus": {
      "type": "gauge",
      "contains": "default",
      "values": {
        "value": 15,
        "min": 15,
        "max": 15
      }
    },
    "data_received": {
      "type": "counter",
      "contains": "data",
      "values": {
        "count": 44538682,
        "rate": 148002.41463614427
      }
    },
    "http_req_duration": {
      "thresholds": {
        "p(95)<400": {
          "ok": true
        }
      },
      "type": "trend",
      "contains": "time",
      "values": {
        "med": 125.3526,
        "p(90)": 294.7924,
        "p(95)": 363.43981,
        "p(99)": 561.0108019999993,
        "max": 954.8184,
        "avg": 123.96928186858935,
        "min": 0
      }
    },
    "http_req_connecting": {
      "contains": "time",
      "values": {
        "avg": 0.006172858331023012,
        "min": 0,
        "med": 0,
        "p(90)": 0,
        "p(95)": 0,
        "p(99)": 0,
        "max": 7.519
      },
      "type": "trend"
    },
    "iterations": {
      "values": {
        "count": 3606,
        "rate": 11.982768308634194
      },
      "type": "counter",
      "contains": "default"
    },
    "http_req_waiting": {
      "values": {
        "min": 0,
        "med": 124.29185000000001,
        "p(90)": 293.75354,
        "p(95)": 362.97057499999994,
        "p(99)": 539.1770149999995,
        "max": 954.8184,
        "avg": 123.21588678957595
      },
      "type": "trend",
      "contains": "time"
    },
    "vus_max": {
      "type": "gauge",
      "contains": "default",
      "values": {
        "value": 15,
        "min": 15,
        "max": 15
      }
    },
    "http_req_duration{expected_response:true}": {
      "type": "trend",
      "contains": "time",
      "values": {
        "max": 954.8184,
        "avg": 123.96928186858935,
        "min": 0,
        "med": 125.3526,
        "p(90)": 294.7924,
        "p(95)": 363.43981,
        "p(99)": 561.0108019999993
      }
    },
    "data_sent": {
      "type": "counter",
      "contains": "data",
      "values": {
        "count": 2539921,
        "rate": 8440.178831179832
      }
    },
    "http_req_failed": {
      "type": "rate",
      "contains": "default",
      "values": {
        "fails": 7214,
        "rate": 0,
        "passes": 0
      },
      "thresholds": {
        "rate<0.01": {
          "ok": true
        }
      }
    },
    "http_req_tls_handshaking": {
      "contains": "time",
      "values": {
        "p(99)": 0,
        "max": 21.9725,
        "avg": 0.0251070557249792,
        "min": 0,
        "med": 0,
        "p(90)": 0,
        "p(95)": 0
      },
      "type": "trend"
    },
    "http_req_blocked": {
      "type": "trend",
      "contains": "time",
      "values": {
        "max": 24.3007,
        "avg": 0.03974010257831993,
        "min": 0,
        "med": 0,
        "p(90)": 0,
        "p(95)": 0,
        "p(99)": 0.510222
      }
    },
    "iteration_duration": {
      "type": "trend",
      "contains": "time",
      "values": {
        "avg": 1249.7908432335053,
        "min": 1115.1356,
        "med": 1219.7547,
        "p(90)": 1373.9681500000002,
        "p(95)": 1440.79945,
        "p(99)": 1684.5332549999996,
        "max": 1978.6976
      }
    },
    "http_req_sending": {
      "type": "trend",
      "contains": "time",
      "values": {
        "min": 0,
        "med": 0,
        "p(90)": 0.5109,
        "p(95)": 0.9975,
        "p(99)": 1.5277619999999998,
        "max": 25.5774,
        "avg": 0.12449738009426094
      }
    },
    "checks": {
      "type": "rate",
      "contains": "default",
      "values": {
        "rate": 1,
        "passes": 3606,
        "fails": 0
      }
    }
  },
  "setup_data": {
    "token": "eyJhbGciOiJIUzI1NiIsInR5cCI6IkpXVCJ9.eyJzdWIiOiI0IiwianRpIjoiMmRlZDg3Y2QtMDY2Zi00ZjA0LWIxZTQtODUzNTg1YTRlNDY5IiwiZW1haWwiOiJtYW5hZ2VyQGV4YW1wbGUuY29tIiwiaHR0cDovL3NjaGVtYXMueG1sc29hcC5vcmcvd3MvMjAwNS8wNS9pZGVudGl0eS9jbGFpbXMvbmFtZSI6Ik1hbmFnZXIgU3VwZXIiLCJodHRwOi8vc2NoZW1hcy5taWNyb3NvZnQuY29tL3dzLzIwMDgvMDYvaWRlbnRpdHkvY2xhaW1zL3JvbGUiOiJNYW5hZ2VyIiwibmJmIjoxNzY0NTk3NDY3LCJleHAiOjE3NjQ2MDEwNjcsImlzcyI6IlNTU01DUiIsImF1ZCI6IlNTU01DUlVzZXJzIn0.iktdcKnRFJ0KOM8H0r9MNStIuycUQ15dk-g-flzLmcA"
  },
  "root_group": {
    "checks": [
      {
        "name": "200 OK",
        "path": "::200 OK",
        "id": "e9654c443eff553da9e69eda7007924e",
        "passes": 3606,
        "fails": 0
      }
    ],
    "name": "",
    "path": "",
    "id": "d41d8cd98f00b204e9800998ecf8427e",
    "groups": []
  },
  "options": {
    "summaryTrendStats": [
      "avg",
      "min",
      "med",
      "p(90)",
      "p(95)",
      "p(99)",
      "max"
    ],
    "summaryTimeUnit": "",
    "noColor": false
  }
}